Nome,Cognome
Giovanni,Rossi
Maria,Bianchi
Luca,Esposito
Giulia,Conti
Marco,Russo
Sara,Romano
Francesca,Ferrari
Antonio,Ricci
Elena,Marini
Paolo,Gallo
Davide,Costa
Laura,Greco
Alessandro,Bruno
Chiara,De Luca
Simone,Giordano
Giovanni,Rossi
Maria,Bianchi
Luca,Esposito
Giulia,Conti
Marco,Russo
Sara,Romano
Francesca,Ferrari
Antonio,Ricci
Elena,Marini
Paolo,Gallo
Davide,Costa
Laura,Greco
Alessandro,Bruno
Chiara,De Luca
Simone,Giordano
Giovanni,Rossi
Maria,Bianchi
Luca,Esposito
Giulia,Conti
Marco,Russo
Sara,Romano
Francesca,Ferrari
Antonio,Ricci
Elena,Marini
Paolo,Gallo
Davide,Costa
Laura,Greco
Alessandro,Bruno
Chiara,De Luca
Simone,Giordano
Giovanni,Rossi
Maria,Bianchi
Luca,Esposito
Giulia,Conti
Marco,Russo